entity_id,domain,friendly_name,state,device_class,unit_of_measurement
update.home_assistant_supervisor_update,update,Home Assistant Supervisor Update,off,,
update.home_assistant_core_update,update,Home Assistant Core Update,off,,
update.samba_share_update,update,Samba share Update,off,,
update.mosquitto_broker_update,update,Mosquitto broker Update,off,,
update.zigbee2mqtt_update,update,Zigbee2MQTT Update,off,,
update.studio_code_server_update,update,Studio Code Server Update,off,,
update.advanced_ssh_web_terminal_update,update,Advanced SSH & Web Terminal Update,off,,
update.git_pull_update,update,Git pull Update,off,,
update.govee_to_mqtt_bridge_update,update,Govee to MQTT Bridge Update,off,,
update.home_assistant_operating_system_update,update,Home Assistant Operating System Update,off,,
scene.huskers_scarlet_theater,scene,Huskers Scarlet (Theater),2025-08-25T22:07:28.543403+00:00,,
scene.huskers_cream_theater,scene,Huskers Cream (Theater),2025-08-25T22:07:32.128114+00:00,,
scene.huskers_alternating_exterior,scene,Huskers Alternating (Exterior),2025-08-25T23:00:00.393624+00:00,,
scene.huskers_alternating_inverted_exterior,scene,Huskers Alternating Inverted (Exterior),2025-08-25T22:07:21.054257+00:00,,
light.office_lights,light,Office Lights,off,,
light.theater_lights,light,Theater Lights,on,,
light.front_porch_lights,light,Front Porch Lights,on,,
light.all_exterior_lights,light,All Exterior Lights,on,,
light.all_lights,light,All Lights,on,,
light.garage_lights,light,Garage Lights,on,,
light.mainfloor_lights,light,Mainfloor Lights,on,,
zone.home,zone,Our Home,0,,
script.huskers_theater_show_start,script,Huskers: Theater Show (Start),off,,
script.huskers_theater_show_stop,script,Huskers: Theater Show (Stop),off,,
script.huskers_exterior_show_start,script,Huskers: Exterior Show (Start),off,,
script.huskers_exterior_show_stop,script,Huskers: Exterior Show (Stop),off,,
script.huskers_touchdown_burst,script,Huskers: Theater Touchdown Burst,off,,
script.huskers_exterior_touchdown_burst,script,Huskers: Exterior Touchdown Burst,off,,
script.huskers_test_score_update,script,Huskers: ðŸ§ª Simulate Score + Burst,off,,
script.huskers_led_gameday_start,script,Huskers: Game-Day LED (Start),off,,
script.huskers_led_stop,script,Huskers: Stop LED Effect (Restore Previous),off,,
script.huskers_td_burst_bpm_theater,script,Huskers: TD Burst BPM (Theater),off,,
script.huskers_td_burst_bpm_exterior,script,Huskers: TD Burst BPM (Exterior),off,,
script.huskers_all_events_manual,script,Huskers: Run All (Manual),off,,
script.huskers_rehearse_tminus20,script,Huskers: Rehearse T-20,off,,
script.huskers_rehearse_td,script,Huskers: Rehearse TD (+1),off,,
script.huskers_cleanup_all,script,Huskers: Cleanup (Stop All),off,,
script.huskers_led_td_burst,script,Huskers: LED TD Burst,off,,
script.huskers_all_events_manual2,script,Huskers: Run All (Manual),off,,
input_number.huskers_our_score,input_number,Nebraska Score,0.0,,
input_number.huskers_opponent_score,input_number,Opponent Score,0.0,,
input_number.huskers_hail_varsity_bpm,input_number,Huskers Hail Varsity BPM,156.0,,bpm
input_number.huskers_kickoff_in_manual,input_number,Huskers Kickoff In (Manual),20.0,,min
input_number.huskers_our_score_manual,input_number,Huskers Our Score (Manual),10.0,,
sensor.kneplatt72_wind_speed_24h_avg,sensor,KNEPLATT72 Wind Speed (24h Avg),unavailable,,
sensor.kneplatt72_temperature_24h_mean,sensor,KNEPLATT72 Temperature (24h Mean),unavailable,,
sensor.kneplatt72_humidity_24h_mean,sensor,KNEPLATT72 Humidity (24h Mean),unavailable,,
sensor.kneplatt72_pressure_24h_change,sensor,KNEPLATT72 Pressure (24h Change),unavailable,,
sensor.kneplatt72_pressure_trend_2,sensor,KNEPLATT72 Pressure Trend,unknown,,
sensor.nmap_active_hosts,sensor,Nmap Active Hosts,0,,
sensor.nmap_known_hosts,sensor,Nmap Known Hosts,0,,
sensor.tp_link_clients_online,sensor,TP-Link Clients Online,0,,
sensor.internet_status_2,sensor,Internet Status,Offline,,
sensor.huskers_next_game_start,sensor,Huskers Next Game Start,unavailable,,
sensor.huskers_next_game_status,sensor,Huskers Next Game Status,idle,,
sensor.huskers_kickoff_in,sensor,Huskers Kickoff In,unknown,,min
binary_sensor.huskers_pregame_window,binary_sensor,Huskers Pregame Window,off,,
binary_sensor.huskers_postgame_window,binary_sensor,Huskers Postgame Window,off,,
binary_sensor.huskers_game_in_progress_tt,binary_sensor,Huskers Game In Progress (TT),off,,
sensor.huskers_kickoff_in_effective,sensor,Huskers Kickoff In (Effective),20.0,,min
sensor.huskers_our_score_effective,sensor,Huskers Our Score (Effective),10,,
input_text.huskers_theater_prev_scripts,input_text,Huskers Theater Prev Scripts,,,
input_boolean.huskers_color_show,input_boolean,Huskers Color Show,on,,
input_boolean.huskers_exterior_color_show,input_boolean,Huskers Exterior Show Toggle,off,,
input_boolean.huskers_debug_notifications,input_boolean,Huskers Debug: Persistent Notifications,on,,
input_boolean.huskers_test_mode,input_boolean,Huskers Test Mode,on,,
tts.google_translate_en_com_4,tts,Google Translate en com,unknown,,
update.mushroom_better_sliders_update,update,Mushroom - Better Sliders update,off,,
update.govee_update,update,govee update,off,,
update.tp_link_router_update,update,TP-Link Router update,off,,
update.hacs_update,update,HACS update,off,,
update.wundergroundpws_update,update,Wundergroundpws update,off,,
update.passive_ble_monitor_integration_update,update,Passive BLE monitor integration update,off,,
update.mushroom_themes_update,update,Mushroom Themes update,off,,
update.layout_card_update,update,layout-card update,off,,
update.mushroom_update,update,Mushroom update,off,,
update.team_tracker_update,update,Team Tracker update,off,,
update.auto_entities_update,update,auto-entities update,off,,
weather.forecast_home,weather,Forecast Our Home,clear-night,,
todo.shopping_list_4,todo,Shopping List,0,,
event.backup_automatic_backup,event,Backup Automatic backup,unknown,,
sensor.backup_backup_manager_state,sensor,Backup Backup Manager state,idle,enum,
sensor.backup_next_scheduled_automatic_backup,sensor,Backup Next scheduled automatic backup,unknown,timestamp,
sensor.backup_last_successful_automatic_backup,sensor,Backup Last successful automatic backup,unknown,timestamp,
sensor.backup_last_attempted_automatic_backup,sensor,Backup Last attempted automatic backup,unknown,timestamp,
sensor.team_tracker,sensor,team_tracker,PRE,,
automation.huskers_showtime_at_t_20,automation,Huskers: Showtime at T-20,on,,
automation.huskers_td_burst_on_score,automation,Huskers: TD Burst on Score,on,,
automation.huskers_postgame_cleanup,automation,Huskers: Postgame Cleanup,on,,
automation.evening_lights_at_sunset,automation,Evening Lights at Sunset,on,,
automation.night_lights_at_midnight,automation,Night Lights at Midnight,on,,
automation.early_morning_lights_03_30,automation,Early Morning Lights (03:30),on,,
automation.exterior_led_monthly_effect,automation,Exterior LED - Monthly Effect,on,,
automation.interior_lights_off_15_minutes_after_sunrise,automation,Interior Lights Off - 15 Minutes After Sunrise,on,,
automation.humidor_plug_temperature_control,automation,Humidor Plug â€“ Temperature Control,on,,
automation.huskers_update_last_score_test_2,automation,Huskers: Update Last Score (Test),on,,
automation.huskers_react_to_test_score_2,automation,Huskers: React to Test Score,on,,
automation.huskers_new_item_notifier_2,automation,Huskers: New Item Notifier,on,,
sensor.sun_next_dawn,sensor,Next dawn,unavailable,timestamp,
sensor.sun_next_dusk,sensor,Next dusk,unavailable,timestamp,
sensor.sun_next_midnight,sensor,Next midnight,unavailable,timestamp,
sensor.sun_next_noon,sensor,Next noon,unavailable,timestamp,
sensor.sun_next_rising,sensor,Next rising,unavailable,timestamp,
sensor.sun_next_setting,sensor,Next setting,unavailable,timestamp,
media_player.public_speakers,media_player,,unavailable,speaker,
media_player.living_room_display,media_player,,unavailable,,
media_player.master_bedroom_speaker,media_player,,unavailable,speaker,
media_player.office_speaker,media_player,,unavailable,speaker,
media_player.ari_s_bedroom_speaker,media_player,,unavailable,speaker,
media_player.bedroom_tv,media_player,,unavailable,,
media_player.basement_soundbar,media_player,,unavailable,speaker,
person.diego_sainz,person,diego sainz,unavailable,,
todo.shopping_list,todo,Shopping List,unavailable,,
tts.google_translate_en_com,tts,Google Translate en com,unavailable,,
sensor.sun_next_dawn_2,sensor,Next dawn,unavailable,timestamp,
sensor.sun_next_dusk_2,sensor,Next dusk,unavailable,timestamp,
sensor.sun_next_midnight_2,sensor,Next midnight,unavailable,timestamp,
sensor.sun_next_noon_2,sensor,Next noon,unavailable,timestamp,
sensor.sun_next_rising_2,sensor,Next rising,unavailable,timestamp,
sensor.sun_next_setting_2,sensor,Next setting,unavailable,timestamp,
tts.google_translate_en_com_2,tts,Google Translate en com,unavailable,,
todo.shopping_list_2,todo,Shopping List,unavailable,,
person.dad,person,dad,unavailable,,
device_tracker.diegos_ipad,device_tracker,Diegoâ€™s iPad ,unavailable,,
sensor.diegos_ipad_activity,sensor,Diegoâ€™s iPad  Activity,unavailable,,
sensor.diegos_ipad_battery_state,sensor,Diegoâ€™s iPad  Battery State,unavailable,,
sensor.diegos_ipad_connection_type,sensor,Diegoâ€™s iPad  Connection Type,unavailable,,
sensor.diegos_ipad_sim_1,sensor,Diegoâ€™s iPad  SIM 1,unavailable,,
sensor.diegos_ipad_geocoded_location,sensor,Diegoâ€™s iPad  Geocoded Location,unavailable,,
sensor.diegos_ipad_battery_level,sensor,Diegoâ€™s iPad  Battery Level,unavailable,battery,%
sensor.diegos_ipad_storage,sensor,Diegoâ€™s iPad  Storage,unavailable,,
binary_sensor.diegos_ipad_focus,binary_sensor,Diegoâ€™s iPad  Focus,unavailable,,
sensor.diegos_ipad_ssid,sensor,Diegoâ€™s iPad  SSID,unavailable,,
sensor.diegos_ipad_bssid,sensor,Diegoâ€™s iPad  BSSID,unavailable,,
sensor.diegos_ipad_last_update_trigger,sensor,Diegoâ€™s iPad  Last Update Trigger,unavailable,,
sensor.diegos_ipad_location_permission,sensor,Diegoâ€™s iPad  Location permission,unavailable,,
sensor.diegos_ipad_app_version,sensor,Diegoâ€™s iPad  App Version,unavailable,,
sensor.diegos_ipad_audio_output,sensor,Diegoâ€™s iPad  Audio Output,unavailable,,
person.mqtt,person,mqtt,unavailable,,
device_tracker.dads_iphone,device_tracker,Dads iPhone,unavailable,,
sensor.dads_iphone_floors_ascended,sensor,Dads iPhone Floors Ascended,unavailable,,
sensor.dads_iphone_activity,sensor,Dads iPhone Activity,unavailable,,
sensor.dads_iphone_distance,sensor,Dads iPhone Distance,unavailable,,
sensor.dads_iphone_floors_descended,sensor,Dads iPhone Floors Descended,unavailable,,
sensor.dads_iphone_battery_level,sensor,Dads iPhone Battery Level,unavailable,battery,%
sensor.dads_iphone_battery_state,sensor,Dads iPhone Battery State,unavailable,,
sensor.dads_iphone_connection_type,sensor,Dads iPhone Connection Type,unavailable,,
sensor.dads_iphone_steps,sensor,Dads iPhone Steps,unavailable,,
sensor.dads_iphone_storage,sensor,Dads iPhone Storage,unavailable,,
sensor.dads_iphone_ssid,sensor,Dads iPhone SSID,unavailable,,
sensor.dads_iphone_bssid,sensor,Dads iPhone BSSID,unavailable,,
sensor.dads_iphone_average_active_pace,sensor,Dads iPhone Average Active Pace,unavailable,,
sensor.dads_iphone_sim_1,sensor,Dads iPhone SIM 1,unavailable,,
sensor.dads_iphone_sim_2,sensor,Dads iPhone SIM 2,unavailable,,
binary_sensor.dads_iphone_focus,binary_sensor,Dads iPhone Focus,unavailable,,
sensor.dads_iphone_geocoded_location,sensor,Dads iPhone Geocoded Location,unavailable,,
sensor.dads_iphone_last_update_trigger,sensor,Dads iPhone Last Update Trigger,unavailable,,
sensor.dads_iphone_app_version,sensor,Dads iPhone App Version,unavailable,,
sensor.dads_iphone_audio_output,sensor,Dads iPhone Audio Output,unavailable,,
sensor.dads_iphone_location_permission,sensor,Dads iPhone Location permission,unavailable,,
media_player.basement_tv,media_player,,unavailable,,
binary_sensor.zigbee2mqtt_bridge_connection_state,binary_sensor,Zigbee2MQTT Bridge Connection state,on,connectivity,
button.zigbee2mqtt_bridge_restart,button,Zigbee2MQTT Bridge Restart,2025-08-28T08:34:27.977682+00:00,restart,
select.zigbee2mqtt_bridge_log_level,select,Zigbee2MQTT Bridge Log level,info,,
sensor.zigbee2mqtt_bridge_version,sensor,Zigbee2MQTT Bridge Version,2.6.0,,
switch.zigbee2mqtt_bridge_permit_join,switch,Zigbee2MQTT Bridge Permit join,off,,
device_tracker.gvh5100_3a6a,device_tracker,,unavailable,,
sensor.gvh5100_3a6a_estimated_distance,sensor,Estimated distance,unavailable,distance,ft
device_tracker.gvh5100_4a24,device_tracker,,unavailable,,
sensor.gvh5100_4a24_estimated_distance,sensor,Estimated distance,unavailable,distance,ft
device_tracker.gvh5100_4529,device_tracker,,unavailable,,
sensor.gvh5100_4529_estimated_distance,sensor,Estimated distance,unavailable,distance,ft
light.exterior_floodlights,light,Exterior Floodlights,unavailable,,
light.camera_status_leds,light,Camera Status LEDs,unavailable,,
input_boolean.theater_left_candy_cane_effect,input_boolean,Theater Left Candy Cane Effect,unavailable,,
script.theater_left_candy_cane_start,script,Start Candy Cane: Theater Left,unavailable,,
script.theater_left_candy_cane_stop,script,Stop Candy Cane: Theater Left,unavailable,,
input_number.theater_left_candy_cane_delay,input_number,Candy Cane Delay (sec),unavailable,,
input_boolean.theater_left_candy_cane,input_boolean,Theater Left Candy Cane Effect,unavailable,,
script.theater_left_test_cycle_once,script,TEST: Theater Left (Red â†’ Green â†’ Red),unavailable,,
script.theater_left_debug_cycle_once,script,DEBUG: Theater Left (Red â†’ Green â†’ Red),unavailable,,
script.theater_dual_candy_cane_start,script,Start Candy Cane: Left & Right Theater Lights (Gradient),unavailable,,
script.theater_dual_candy_cane_stop,script,Stop Candy Cane: Left & Right Theater Lights,unavailable,,
binary_sensor.q5_pro_water_box_attached,binary_sensor,Water box attached,unavailable,connectivity,
binary_sensor.q5_pro_cleaning,binary_sensor,Cleaning,unavailable,running,
binary_sensor.q5_pro_charging,binary_sensor,Charging,unavailable,battery_charging,
image.q5_pro_basement,image,Basement,unavailable,,
select.q5_pro_mop_mode,select,Mop mode,unavailable,,
select.q5_pro_selected_map,select,Selected map,unavailable,,
sensor.q5_pro_main_brush_time_left,sensor,Main brush time left,unavailable,duration,s
sensor.q5_pro_side_brush_time_left,sensor,Side brush time left,unavailable,duration,s
sensor.q5_pro_filter_time_left,sensor,Filter time left,unavailable,duration,s
sensor.q5_pro_sensor_time_left,sensor,Sensor time left,unavailable,duration,s
sensor.q5_pro_cleaning_time,sensor,Cleaning time,unavailable,duration,s
sensor.q5_pro_total_cleaning_time,sensor,Total cleaning time,unavailable,duration,s
sensor.q5_pro_total_cleaning_count,sensor,Total cleaning count,unavailable,,
sensor.q5_pro_status,sensor,Status,unavailable,enum,
sensor.q5_pro_cleaning_area,sensor,Cleaning area,unavailable,,mÂ²
sensor.q5_pro_total_cleaning_area,sensor,Total cleaning area,unavailable,,mÂ²
sensor.q5_pro_vacuum_error,sensor,Vacuum error,unavailable,enum,
sensor.q5_pro_battery,sensor,Battery,unavailable,battery,%
sensor.q5_pro_last_clean_begin,sensor,Last clean begin,unavailable,timestamp,
sensor.q5_pro_last_clean_end,sensor,Last clean end,unavailable,timestamp,
sensor.q5_pro_cleaning_progress,sensor,Cleaning progress,unavailable,,%
sensor.q5_pro_current_room,sensor,Current room,unavailable,enum,
vacuum.q5_pro,vacuum,,unavailable,,
button.q5_pro_full_cleaning,button,Full Cleaning,unavailable,,
number.q5_pro_volume,number,Volume,unavailable,,%
switch.q5_pro_dock_child_lock,switch,Child lock,unavailable,,
switch.q5_pro_do_not_disturb,switch,Do not disturb,unavailable,,
time.q5_pro_do_not_disturb_begin,time,Do not disturb begin,unavailable,,
time.q5_pro_do_not_disturb_end,time,Do not disturb end,unavailable,,
automation.humidor_above_temp,automation,Humidor-above temp,unavailable,,
automation.humidor_below_temp,automation,Humidor - below temp,unavailable,,
sensor.govee_to_mqtt_version,sensor,Govee to MQTT Version,2025.04.13-17d43d72,,
button.govee_to_mqtt_purge_caches,button,Govee to MQTT Purge Caches,unknown,,
sensor.h6076_1341_status,sensor,Diningroom_light Status,Available,,
button.h6076_1341_request_platform_api_state,button,Diningroom_light Request Platform API State,unknown,,
sensor.h6076_194b_status,sensor,Livingroom_light Status,Available,,
button.h6076_194b_request_platform_api_state,button,Livingroom_light Request Platform API State,unknown,,
sensor.h705a_3d4b_status,sensor,Permanent Outdoor Lights Status,Available,,
button.h705a_3d4b_request_platform_api_state,button,Permanent Outdoor Lights Request Platform API State,unknown,,
sensor.h6076_7b5f_status,sensor,Sunroom_Light Status,Available,,
button.h6076_7b5f_request_platform_api_state,button,Sunroom_Light Request Platform API State,unknown,,
device_tracker.iot_device,device_tracker,iot_device,unavailable,,
device_tracker.b_hyve_xr_70d150,device_tracker,B-hyve_XR_70D150,unavailable,,
device_tracker.home,device_tracker,Home,unavailable,,
device_tracker.private,device_tracker,Private,unavailable,,
device_tracker.android_a1bda00cf175a012,device_tracker,android-a1bda00cf175a012,unavailable,,
device_tracker.google,device_tracker,Google,unavailable,,
device_tracker.private_2,device_tracker,Private,unavailable,,
device_tracker.purifier_garage,device_tracker,purifier - garage,unavailable,,
device_tracker.office,device_tracker,Office,unavailable,,
device_tracker.garage_keypad,device_tracker,garage_keypad,unavailable,,
device_tracker.ipad_2,device_tracker,iPad-2,unavailable,,
device_tracker.light_dining_room,device_tracker,light - dining room,unavailable,,
device_tracker.google_home_mini,device_tracker,Google-Home-Mini,unavailable,,
device_tracker.speaker_bedroom,device_tracker,speaker-bedroom,unavailable,,
device_tracker.purifier_bedroom,device_tracker,purifier - bedroom,unavailable,,
device_tracker.nintendo_co_ltd,device_tracker,"Nintendo Co.,Ltd",unavailable,,
device_tracker.google_home_mini_2,device_tracker,Google-Home-Mini,unavailable,,
device_tracker.bedroom_vizio,device_tracker,bedroom_vizio,unavailable,,
device_tracker.multi_use_wifi,device_tracker,multi-use-wifi,unavailable,,
device_tracker.private_3,device_tracker,Private,unavailable,,
device_tracker.homeassistant,device_tracker,homeassistant,unavailable,,
device_tracker.home_hub,device_tracker,home hub,unavailable,,
device_tracker.ps5_0aaf54,device_tracker,PS5-0AAF54,unavailable,,
device_tracker.office_laptop,device_tracker,office_laptop,unavailable,,
device_tracker.firetv_basement,device_tracker,firetv-basement,unavailable,,
device_tracker.camera_birdfeeder,device_tracker,camera - birdfeeder,unavailable,,
device_tracker.ari_galaxy_s24,device_tracker,Ari-Galaxy-S24,unavailable,,
device_tracker.purifier_guest_room,device_tracker,purifier - guest room,unavailable,,
device_tracker.dads_iphone_2,device_tracker,Dads-iPhone,unavailable,,
device_tracker.wdmycloud,device_tracker,WDMyCloud,unavailable,,
device_tracker.light_front_led,device_tracker,light - front led,unavailable,,
device_tracker.chromecast,device_tracker,Chromecast,unavailable,,
device_tracker.myq_f3c,device_tracker,MyQ-F3C,unavailable,,
device_tracker.epsonb9ca4f,device_tracker,EPSONB9CA4F,unavailable,,
device_tracker.firetv_livingroom,device_tracker,firetv_livingroom,unavailable,,
device_tracker.google_home_mini_3,device_tracker,Google-Home-Mini,unavailable,,
device_tracker.vacuum_roborock,device_tracker,vacuum - roborock,unavailable,,
device_tracker.ashs_desktop,device_tracker,ashs_desktop,unavailable,,
device_tracker.private_4,device_tracker,Private,unavailable,,
device_tracker.diego_s_s24,device_tracker,Diego-s-S24,unavailable,,
device_tracker.private_5,device_tracker,Private,unavailable,,
device_tracker.diegos_ipad_2,device_tracker,Diegos-iPad,unavailable,,
device_tracker.light_sunroom,device_tracker,light-sunroom,unavailable,,
device_tracker.viziocastdisplay,device_tracker,viziocastdisplay,unavailable,,
device_tracker.private_6,device_tracker,Private,unavailable,,
device_tracker.iot_device_2,device_tracker,iot_device,unavailable,,
device_tracker.sainlogic_302d19,device_tracker,Sainlogic-302D19,unavailable,,
device_tracker.diego_compy,device_tracker,Diego_Compy,unavailable,,
device_tracker.ring_187f88c2aa2a,device_tracker,Ring-187f88C2AA2A,unavailable,,
sensor.tp_link_router_total_guest_wifi_clients,sensor,Total guest wifi clients,unavailable,,
sensor.tp_link_router_total_main_wifi_clients,sensor,Total main wifi clients,unavailable,,
sensor.tp_link_router_total_wired_clients,sensor,Total wired clients,unavailable,,
sensor.tp_link_router_total_iot_clients,sensor,Total IoT clients,unavailable,,
sensor.tp_link_router_total_clients,sensor,Total clients,unavailable,,
sensor.tp_link_router_cpu_used,sensor,CPU used,unavailable,,%
sensor.tp_link_router_memory_used,sensor,Memory used,unavailable,,%
sensor.tp_link_router_connection_type,sensor,Connection Type,unavailable,,
switch.guest_wifi_2_4g,switch,Guest WIFI 2.4G,unavailable,,
switch.guest_wifi_5g,switch,Guest WIFI 5G,unavailable,,
switch.guest_wifi_6g,switch,Guest WIFI 6G,unavailable,,
switch.wifi_2_4g,switch,WIFI 2.4G,unavailable,,
switch.wifi_5g,switch,WIFI 5G,unavailable,,
switch.wifi_6g,switch,WIFI 6G,unavailable,,
switch.iot_wifi_2_4g,switch,IoT WIFI 2.4G,unavailable,,
switch.iot_wifi_5g,switch,IoT WIFI 5G,unavailable,,
switch.iot_wifi_6g,switch,IoT WIFI 6G,unavailable,,
switch.router_data_fetching,switch,Router data fetching,unavailable,,
button.reboot,button,Reboot,unavailable,restart,
light.light_office,light,Light-office,off,,
select.light_office_power_on_behavior,select,Light-office Power-on behavior,unknown,,
update.light_office,update,Light-office,off,firmware,
light.light_theater_right,light,Light-Theater-Right,on,,
select.light_theater_right_power_on_behavior,select,Light-Theater-Right Power-on behavior,unknown,,
update.light_theater_right,update,Light-Theater-Right,off,firmware,
light.light_theater_left,light,Light-Theater-Left,on,,
select.light_theater_left_power_on_behavior,select,Light-Theater-Left Power-on behavior,unknown,,
update.light_theater_left,update,Light-Theater-Left,off,firmware,
switch.plug_basement_burner,switch,Plug-basement-burner,off,,
select.plug_basement_burner_power_on_behavior,select,Plug-basement-burner Power-on behavior,unknown,,
sensor.plug_basement_burner_ac_frequency,sensor,Plug-basement-burner Frequency,60,frequency,Hz
sensor.plug_basement_burner_power,sensor,Plug-basement-burner Power,0,power,W
sensor.plug_basement_burner_energy,sensor,Plug-basement-burner Energy,2.26,energy,kWh
sensor.plug_basement_burner_current,sensor,Plug-basement-burner Current,0,current,A
sensor.plug_basement_burner_voltage,sensor,Plug-basement-burner Voltage,123.2,voltage,V
update.plug_basement_burner,update,Plug-basement-burner,off,firmware,
light.light_front_left,light,Light-Front-left,on,,
select.light_front_left_power_on_behavior,select,Light-Front-left Power-on behavior,unknown,,
update.light_front_left,update,Light-Front-left,off,firmware,
light.light_front_right,light,Light-Front-right,on,,
select.light_front_right_power_on_behavior,select,Light-Front-right Power-on behavior,unknown,,
update.light_front_right,update,Light-Front-right,off,firmware,
switch.plug_humidor,switch,Plug-humidor,on,,
select.plug_humidor_power_on_behavior,select,Plug-humidor Power-on behavior,unknown,,
sensor.plug_humidor_ac_frequency,sensor,Plug-humidor Frequency,60,frequency,Hz
sensor.plug_humidor_power,sensor,Plug-humidor Power,13.7,power,W
sensor.plug_humidor_energy,sensor,Plug-humidor Energy,1.6,energy,kWh
sensor.plug_humidor_current,sensor,Plug-humidor Current,0.2,current,A
sensor.plug_humidor_voltage,sensor,Plug-humidor Voltage,122.7,voltage,V
update.plug_humidor,update,Plug-humidor,off,firmware,
sensor.hygrometer_humidor_temperature,sensor,Hygrometer-Humidor Temperature,69.98,temperature,Â°F
sensor.hygrometer_humidor_humidity,sensor,Hygrometer-Humidor Humidity,62.22,humidity,%
sensor.hygrometer_humidor_battery,sensor,Hygrometer-Humidor Battery,100,battery,%
switch.plug_mainfloor_burner,switch,Plug-Mainfloor-burner,off,,
select.plug_mainfloor_burner_power_on_behavior,select,Plug-Mainfloor-burner Power-on behavior,unknown,,
sensor.plug_mainfloor_burner_ac_frequency,sensor,Plug-Mainfloor-burner Frequency,60,frequency,Hz
sensor.plug_mainfloor_burner_power,sensor,Plug-Mainfloor-burner Power,0,power,W
sensor.plug_mainfloor_burner_energy,sensor,Plug-Mainfloor-burner Energy,2.8,energy,kWh
sensor.plug_mainfloor_burner_current,sensor,Plug-Mainfloor-burner Current,0,current,A
sensor.plug_mainfloor_burner_voltage,sensor,Plug-Mainfloor-burner Voltage,123.1,voltage,V
update.plug_mainfloor_burner,update,Plug-Mainfloor-burner,off,firmware,
device_tracker.espressif,device_tracker,Espressif,unavailable,,
automation.outdoor_lights_control_sunrise_sunset,automation,Outdoor Lights Control - Sunrise/Sunset,unavailable,,
automation.3_30_am_light_activation,automation,3:30 AM Light Activation,unavailable,,
input_number.theater_dual_candy_cane_delay,input_number,Candy Cane Swap Delay (sec),unavailable,,
input_boolean.theater_dual_candy_cane,input_boolean,Theater Dual Candy Cane Effect,unavailable,,
device_tracker.work_laptop,device_tracker,work laptop,unavailable,,
sensor.sensor_office_battery,sensor,Sensor-office Battery,100,battery,%
sensor.sensor_office_temperature,sensor,Sensor-office Temperature,74.84,temperature,Â°F
sensor.sensor_office_humidity,sensor,Sensor-office Humidity,56,humidity,%
device_tracker.taras_iphone_14,device_tracker,Taras-iPhone-14,unavailable,,
device_tracker.phone,device_tracker,Android,unavailable,,
device_tracker.firetv_bedroom,device_tracker,firetv-bedroom,unavailable,,
scene.govee_to_mqtt_one_click_default_husker_game,scene,Govee to MQTT One-Click: Default: Husker Game,unknown,,
sensor.h7122_afaa_status,sensor,Garage Air Purifier Status,Available,,
button.h7122_afaa_request_platform_api_state,button,Garage Air Purifier Request Platform API State,unknown,,
sensor.h7120_a0a8_status,sensor,Guest Room Purifier Status,Available,,
button.h7120_a0a8_request_platform_api_state,button,Guest Room Purifier Request Platform API State,unknown,,
sensor.h5179_fcff_status,sensor,Office Thermostat Status,Available,,
button.h5179_fcff_request_platform_api_state,button,Office Thermostat Request Platform API State,unknown,,
sensor.h6008_cc38_status,sensor,Light-parents Status,Available,,
button.h6008_cc38_request_platform_api_state,button,Light-parents Request Platform API State,unknown,,
sensor.h6008_3b6e_status,sensor,Light-Guest Room Status,Available,,
button.h6008_3b6e_request_platform_api_state,button,Light-Guest Room Request Platform API State,unknown,,
sensor.h6008_c430_status,sensor,Light-attic Status,Available,,
button.h6008_c430_request_platform_api_state,button,Light-attic Request Platform API State,unknown,,
sensor.h6008_12c6_status,sensor,Status,unavailable,,
button.h6008_12c6_request_platform_api_state,button,Request Platform API State,unavailable,,
sensor.h7123_b962_status,sensor,Bedroom Purifier Status,Available,,
button.h7123_b962_request_platform_api_state,button,Bedroom Purifier Request Platform API State,unknown,,
sensor.h5080_8b80_status,sensor,Tree Status,Available,,
button.h5080_8b80_request_platform_api_state,button,Tree Request Platform API State,unknown,,
sensor.h6008_9934_status,sensor,Bar light Status,Available,,
button.h6008_9934_request_platform_api_state,button,Bar light Request Platform API State,unknown,,
sensor.h70c2_e9ea_status,sensor,Christmas Tree Lights Status,Available,,
button.h70c2_e9ea_request_platform_api_state,button,Christmas Tree Lights Request Platform API State,unknown,,
switch.tree_power_switch,switch,Tree Power Switch,off,,
light.light_ari_2,light,,unavailable,,
switch.light_ari_power_switch,switch,Power Switch,unavailable,,
switch.bedroom_purifier_power_switch,switch,Bedroom Purifier Power Switch,on,,
button.bedroom_purifier_activate_mode_auto,button,Bedroom Purifier Activate Mode: Auto,unknown,,
button.bedroom_purifier_activate_mode_sleep,button,Bedroom Purifier Activate Mode: Sleep,unknown,,
number.bedroom_purifier_gearmode,number,Bedroom Purifier gearMode,3,,
select.bedroom_purifier_mode,select,Bedroom Purifier Mode,gearMode,,
sensor.bedroom_purifier_filterlifetime,sensor,Bedroom Purifier filterLifeTime,"{""value"":60}",,
sensor.bedroom_purifier_airquality,sensor,Bedroom Purifier airQuality,"{""value"":1}",,
light.guest_room_purifier,light,Guest Room Purifier,off,,
select.guest_room_purifier_mode_scene,select,Guest Room Purifier Mode/Scene,unknown,,
switch.guest_room_purifier_power_switch,switch,Guest Room Purifier Power Switch,off,,
button.guest_room_purifier_activate_mode_sleep,button,Guest Room Purifier Activate Mode: Sleep,unknown,,
number.guest_room_purifier_gearmode,number,Guest Room Purifier gearMode,unknown,,
select.guest_room_purifier_mode,select,Guest Room Purifier Mode,unknown,,
sensor.guest_room_purifier_filterlifetime,sensor,Guest Room Purifier filterLifeTime,"{""value"":41}",,
switch.guest_room_purifier_nightlight_toggle,switch,Guest Room Purifier Nightlight Toggle,off,,
sensor.external_status,sensor,External Status,Unknown,,
button.external_request_platform_api_state,button,External Request Platform API State,unknown,,
switch.external_power_switch,switch,External Power Switch,unknown,,
light.bar_light_2,light,Bar light,off,,
switch.bar_light_power_switch,switch,Bar light Power Switch,off,,
switch.diningroom_light_power_switch,switch,Diningroom_light Power Switch,on,,
switch.diningroom_light_gradient_toggle,switch,Diningroom_light Gradient Toggle,unknown,,
switch.diningroom_light_dream_view_toggle,switch,Diningroom_light Dream View Toggle,unknown,,
light.diningroom_light_segment_001,light,Diningroom_light Segment 001,off,,
light.diningroom_light_segment_002,light,Diningroom_light Segment 002,off,,
light.diningroom_light_segment_003,light,Diningroom_light Segment 003,off,,
light.diningroom_light_segment_004,light,Diningroom_light Segment 004,off,,
light.diningroom_light_segment_005,light,Diningroom_light Segment 005,off,,
light.diningroom_light_segment_006,light,Diningroom_light Segment 006,off,,
light.diningroom_light_segment_007,light,Diningroom_light Segment 007,off,,
sensor.main_status,sensor,Main Status,Unknown,,
button.main_request_platform_api_state,button,Main Request Platform API State,unknown,,
switch.main_power_switch,switch,Main Power Switch,unknown,,
sensor.h5151_3f8d_status,sensor,Status,unavailable,,
button.h5151_3f8d_request_platform_api_state,button,Request Platform API State,unavailable,,
light.light_parents_2,light,Light-parents,off,,
switch.light_parents_power_switch,switch,Light-parents Power Switch,off,,
switch.permanent_outdoor_lights_power_switch,switch,Permanent Outdoor Lights Power Switch,on,,
switch.permanent_outdoor_lights_gradient_toggle,switch,Permanent Outdoor Lights Gradient Toggle,unknown,,
light.permanent_outdoor_lights_segment_001,light,Permanent Outdoor Lights Segment 001,off,,
light.permanent_outdoor_lights_segment_002,light,Permanent Outdoor Lights Segment 002,off,,
light.permanent_outdoor_lights_segment_003,light,Permanent Outdoor Lights Segment 003,off,,
light.permanent_outdoor_lights_segment_004,light,Permanent Outdoor Lights Segment 004,off,,
light.permanent_outdoor_lights_segment_005,light,Permanent Outdoor Lights Segment 005,off,,
light.permanent_outdoor_lights_segment_006,light,Permanent Outdoor Lights Segment 006,off,,
light.permanent_outdoor_lights_segment_007,light,Permanent Outdoor Lights Segment 007,off,,
light.permanent_outdoor_lights_segment_008,light,Permanent Outdoor Lights Segment 008,off,,
light.permanent_outdoor_lights_segment_009,light,Permanent Outdoor Lights Segment 009,off,,
light.permanent_outdoor_lights_segment_010,light,Permanent Outdoor Lights Segment 010,off,,
light.permanent_outdoor_lights_segment_011,light,Permanent Outdoor Lights Segment 011,off,,
light.permanent_outdoor_lights_segment_012,light,Permanent Outdoor Lights Segment 012,off,,
light.permanent_outdoor_lights_segment_013,light,Permanent Outdoor Lights Segment 013,off,,
light.permanent_outdoor_lights_segment_014,light,Permanent Outdoor Lights Segment 014,off,,
light.permanent_outdoor_lights_segment_015,light,Permanent Outdoor Lights Segment 015,off,,
switch.garage_air_purifier_power_switch,switch,Garage Air Purifier Power Switch,on,,
button.garage_air_purifier_activate_mode_auto,button,Garage Air Purifier Activate Mode: Auto,unknown,,
number.garage_air_purifier_custom,number,Garage Air Purifier Custom,unknown,,
button.garage_air_purifier_activate_mode_sleep,button,Garage Air Purifier Activate Mode: Sleep,unknown,,
number.garage_air_purifier_gearmode,number,Garage Air Purifier gearMode,3,,
select.garage_air_purifier_mode,select,Garage Air Purifier Mode,gearMode,,
sensor.garage_air_purifier_filterlifetime,sensor,Garage Air Purifier filterLifeTime,"{""value"":""""}",,
sensor.mainfloor_status,sensor,Mainfloor Status,Unknown,,
button.mainfloor_request_platform_api_state,button,Mainfloor Request Platform API State,unknown,,
switch.mainfloor_power_switch,switch,Mainfloor Power Switch,unknown,,
light.light_guest_room_2,light,Light-Guest Room,off,,
switch.light_guest_room_power_switch,switch,Light-Guest Room Power Switch,off,,
sensor.office_thermostat_temperature,sensor,Office Thermostat Temperature,74.84,temperature,Â°F
sensor.office_thermostat_humidity,sensor,Office Thermostat Humidity,56.20,humidity,%
switch.livingroom_light_power_switch,switch,Livingroom_light Power Switch,on,,
switch.livingroom_light_gradient_toggle,switch,Livingroom_light Gradient Toggle,unknown,,
switch.livingroom_light_dream_view_toggle,switch,Livingroom_light Dream View Toggle,unknown,,
light.livingroom_light_segment_001,light,Livingroom_light Segment 001,off,,
light.livingroom_light_segment_002,light,Livingroom_light Segment 002,off,,
light.livingroom_light_segment_003,light,Livingroom_light Segment 003,off,,
light.livingroom_light_segment_004,light,Livingroom_light Segment 004,off,,
light.livingroom_light_segment_005,light,Livingroom_light Segment 005,off,,
light.livingroom_light_segment_006,light,Livingroom_light Segment 006,off,,
light.livingroom_light_segment_007,light,Livingroom_light Segment 007,off,,
sensor.outside_status,sensor,Outside Status,Unknown,,
button.outside_request_platform_api_state,button,Outside Request Platform API State,unknown,,
switch.outside_power_switch,switch,Outside Power Switch,unknown,,
sensor.basement_status,sensor,Basement Status,Unknown,,
button.basement_request_platform_api_state,button,Basement Request Platform API State,unknown,,
switch.basement_power_switch,switch,Basement Power Switch,unknown,,
light.christmas_tree_lights_2,light,Christmas Tree Lights,off,,
switch.christmas_tree_lights_power_switch,switch,Christmas Tree Lights Power Switch,off,,
switch.christmas_tree_lights_gradient_toggle,switch,Christmas Tree Lights Gradient Toggle,unknown,,
switch.christmas_tree_lights_dream_view_toggle,switch,Christmas Tree Lights Dream View Toggle,unknown,,
light.christmas_tree_lights_segment_001,light,Christmas Tree Lights Segment 001,off,,
light.christmas_tree_lights_segment_002,light,Christmas Tree Lights Segment 002,off,,
light.christmas_tree_lights_segment_003,light,Christmas Tree Lights Segment 003,off,,
light.christmas_tree_lights_segment_004,light,Christmas Tree Lights Segment 004,off,,
light.christmas_tree_lights_segment_005,light,Christmas Tree Lights Segment 005,off,,
light.christmas_tree_lights_segment_006,light,Christmas Tree Lights Segment 006,off,,
light.christmas_tree_lights_segment_007,light,Christmas Tree Lights Segment 007,off,,
light.christmas_tree_lights_segment_008,light,Christmas Tree Lights Segment 008,off,,
light.christmas_tree_lights_segment_009,light,Christmas Tree Lights Segment 009,off,,
light.christmas_tree_lights_segment_010,light,Christmas Tree Lights Segment 010,off,,
sensor.main_floor_status,sensor,Main floor Status,Unknown,,
button.main_floor_request_platform_api_state,button,Main floor Request Platform API State,unknown,,
switch.main_floor_power_switch,switch,Main floor Power Switch,unknown,,
switch.sunroom_light_power_switch,switch,Sunroom_Light Power Switch,on,,
switch.sunroom_light_gradient_toggle,switch,Sunroom_Light Gradient Toggle,unknown,,
switch.sunroom_light_dream_view_toggle,switch,Sunroom_Light Dream View Toggle,unknown,,
light.sunroom_light_segment_001,light,Sunroom_Light Segment 001,off,,
light.sunroom_light_segment_002,light,Sunroom_Light Segment 002,off,,
light.sunroom_light_segment_003,light,Sunroom_Light Segment 003,off,,
light.sunroom_light_segment_004,light,Sunroom_Light Segment 004,off,,
light.sunroom_light_segment_005,light,Sunroom_Light Segment 005,off,,
light.sunroom_light_segment_006,light,Sunroom_Light Segment 006,off,,
light.sunroom_light_segment_007,light,Sunroom_Light Segment 007,off,,
light.light_attic_2,light,Light-attic,off,,
switch.light_attic_power_switch,switch,Light-attic Power Switch,off,,
device_tracker.phone_2,device_tracker,phone,unavailable,,
light.diningroom_light,light,Diningroom_light,on,,
light.livingroom_light,light,Livingroom_light,on,,
light.permanent_outdoor_lights,light,Permanent Outdoor Lights,on,,
light.sunroom_light,light,Sunroom_Light,on,,
weather.kneplatt72,weather,KNEPLATT72,unavailable,,
sensor.kneplatt72_neighborhood,sensor,Neighborhood,unavailable,,
sensor.kneplatt72_local_observation_time,sensor,Local Observation Time,unavailable,,
sensor.kneplatt72_relative_humidity,sensor,Relative Humidity,unavailable,humidity,%
sensor.kneplatt72_station_id,sensor,Station ID,unavailable,,
sensor.kneplatt72_solar_radiation,sensor,Solar Radiation,unavailable,irradiance,
sensor.kneplatt72_uv_index,sensor,UV Index,unavailable,,
sensor.kneplatt72_wind_direction_degrees,sensor,Wind Direction - Degrees,unavailable,,Â°
sensor.kneplatt72_wind_direction_cardinal,sensor,Wind Direction - Cardinal,unavailable,,
sensor.kneplatt72_elevation,sensor,Elevation,unavailable,distance,ft
sensor.kneplatt72_dewpoint,sensor,Dewpoint,unavailable,temperature,Â°F
sensor.kneplatt72_temperature,sensor,Temperature,unavailable,temperature,Â°F
sensor.kneplatt72_heat_index,sensor,Heat Index,unavailable,temperature,Â°F
sensor.kneplatt72_wind_chill,sensor,Wind Chill,unavailable,temperature,Â°F
sensor.kneplatt72_precipitation_rate,sensor,Precipitation Rate,unavailable,precipitation_intensity,in/h
sensor.kneplatt72_precipitation_today,sensor,Precipitation Today,unavailable,precipitation,in
sensor.kneplatt72_pressure,sensor,Pressure,unavailable,pressure,inHg
sensor.kneplatt72_wind_gust,sensor,Wind Gust,unavailable,wind_speed,mph
sensor.kneplatt72_wind_speed,sensor,Wind Speed,unavailable,wind_speed,mph
sensor.pws_wind_speed_24h_avg,sensor,PWS Wind Speed (24h Avg),unavailable,,
sensor.pws_temperature_24h_mean,sensor,PWS Temperature (24h Mean),unavailable,,
sensor.pws_humidity_24h_mean,sensor,PWS Humidity (24h Mean),unavailable,,
sensor.pws_pressure_24h_change,sensor,PWS Pressure (24h Change),unavailable,,
automation.lights_off_except_porch_garage_attic_23_30,automation,Lights Off Except Porch/Garage/Attic @ 23:30,unavailable,,
automation.midnight_lights,automation,Midnight lights,unavailable,,
switch.plug_bedroom_burner,switch,Plug-bedroom-burner,off,,
select.plug_bedroom_burner_power_on_behavior,select,Plug-bedroom-burner Power-on behavior,unknown,,
sensor.plug_bedroom_burner_ac_frequency,sensor,Plug-bedroom-burner Frequency,60,frequency,Hz
sensor.plug_bedroom_burner_power,sensor,Plug-bedroom-burner Power,0,power,W
sensor.plug_bedroom_burner_energy,sensor,Plug-bedroom-burner Energy,1.24,energy,kWh
sensor.plug_bedroom_burner_current,sensor,Plug-bedroom-burner Current,0,current,A
sensor.plug_bedroom_burner_voltage,sensor,Plug-bedroom-burner Voltage,122.2,voltage,V
update.plug_bedroom_burner,update,Plug-bedroom-burner,off,firmware,
automation.bedroom_purifier_on,automation,Bedroom-purifier on,unavailable,,
automation.bedroom_purifier_off,automation,Bedroom-purifier-off,unavailable,,
media_player.bedroom_tv_2,media_player,,unavailable,tv,
device_tracker.tp_link_corporation_pte_ltd_fe_81_4f,device_tracker,TP-LINK CORPORATION PTE. LTD. FE:81:4F,unavailable,,
device_tracker.reolink_innovation_limited_1e_58_99,device_tracker,Reolink Innovation Limited 1E:58:99,unavailable,,
device_tracker.beijing_roborock_technology_ab_92_d3,device_tracker,Beijing Roborock Technology AB:92:D3,unavailable,,
binary_sensor.8_8_8_8,binary_sensor,,unavailable,connectivity,
sensor.speedtest_ping,sensor,Ping,unavailable,duration,ms
sensor.speedtest_download,sensor,Download,unavailable,data_rate,Mbit/s
sensor.speedtest_upload,sensor,Upload,unavailable,data_rate,Mbit/s
script.husker_led_start,script,Start Husker LED Effect,unavailable,,
script.husker_led_stop,script,Stop Husker LED Effect (Revert to Monthly),unavailable,,
automation.purifier_on_bedroom,automation,Purifier on bedroom (mirror on any change),unavailable,,
script.huskers_hail_varsity_show_start,script,Huskers: Hail Varsity Show (Start),unavailable,,
script.huskers_hail_varsity_show_stop,script,Huskers: Hail Varsity Show (Stop),unavailable,,
sensor.nebraska_football,sensor,nebraska_football,unavailable,,
event.university_of_nebraska_official_athletics_website,event,,unavailable,,
automation.huskers_react_to_test_score,automation,Huskers â€“ React to Test Score (logbook),unavailable,,
automation.huskers_new_item_notifier,automation,Huskers â€“ New item notifier,unavailable,,
script.huskers_test_our_score,script,Huskers (Test): Our Score,unavailable,,
script.huskers_test_opponent_score,script,Huskers (Test): Opponent Score,unavailable,,
automation.huskers_update_last_score_test,automation,Huskers â€“ Update last score (test),unavailable,,
automation.huskers_pregame_event,automation,Huskers: Pregame Event,unavailable,,
automation.huskers_postgame_event,automation,Huskers: Postgame Event,unavailable,,
sensor.huskers_last_score_test,sensor,Huskers Last Score (test),unavailable,,
sensor.rest_ping,sensor,REST Ping,unavailable,,
event.university_of_nebraska_official_athletics_website_2,event,,unavailable,,
device_tracker.ipad,device_tracker,iPad,unavailable,,
script.huskers_led_revert_monthly,script,Revert to Monthly Effect,unavailable,,
script.huskers_update_last_score_test,script,Update Last Score (Test),unavailable,,
automation.huskers_pregame_theater_alternating,automation,Huskers: Pregame Theater Alternating,unavailable,,
automation.huskers_touchdown_boost,automation,Huskers: Touchdown Boost,unavailable,,
automation.huskers_theater_show_auto_start,automation,Huskers: Theater Show Auto Start,unavailable,,
automation.huskers_theater_show_auto_stop,automation,Huskers: Theater Show Auto Stop,unavailable,,
sensor.huskers_our_score,sensor,Huskers Our Score,unavailable,,
sensor.huskers_opponent_score,sensor,Huskers Opponent Score,unavailable,,
sensor.huskers_opponent_name,sensor,Huskers Opponent Name,unavailable,,
sensor.huskers_quarter,sensor,Huskers Quarter,unavailable,,
sensor.huskers_game_clock,sensor,Huskers Game Clock,unavailable,,
sensor.huskers_game_status,sensor,Huskers Game Status,unavailable,,
binary_sensor.internet_status,binary_sensor,Internet Status,unavailable,,
sensor.sun_next_dawn_3,sensor,Next dawn,unavailable,timestamp,
sensor.sun_next_dusk_3,sensor,Next dusk,unavailable,timestamp,
sensor.sun_next_midnight_3,sensor,Next midnight,unavailable,timestamp,
sensor.sun_next_noon_3,sensor,Next noon,unavailable,timestamp,
sensor.sun_next_rising_3,sensor,Next rising,unavailable,timestamp,
sensor.sun_next_setting_3,sensor,Next setting,unavailable,timestamp,
person.diego,person,Diego,unavailable,,
todo.shopping_list_3,todo,Shopping List,unavailable,,
tts.google_translate_en_com_3,tts,Google Translate en com,unavailable,,
sensor.dads_iphone_floors_ascended_2,sensor,Dads iPhone Floors Ascended,unavailable,,
sensor.dads_iphone_floors_descended_2,sensor,Dads iPhone Floors Descended,unavailable,,
sensor.dads_iphone_average_active_pace_2,sensor,Dads iPhone Average Active Pace,unavailable,,
sensor.dads_iphone_distance_2,sensor,Dads iPhone Distance,unavailable,,
sensor.dads_iphone_activity_2,sensor,Dads iPhone Activity,unavailable,,
sensor.dads_iphone_steps_2,sensor,Dads iPhone Steps,unavailable,,
sensor.dads_iphone_battery_level_2,sensor,Dads iPhone Battery Level,unavailable,battery,%
sensor.dads_iphone_battery_state_2,sensor,Dads iPhone Battery State,unavailable,,
sensor.dads_iphone_ssid_2,sensor,Dads iPhone SSID,unavailable,,
sensor.dads_iphone_storage_2,sensor,Dads iPhone Storage,unavailable,,
sensor.dads_iphone_bssid_2,sensor,Dads iPhone BSSID,unavailable,,
sensor.dads_iphone_connection_type_2,sensor,Dads iPhone Connection Type,unavailable,,
sensor.dads_iphone_sim_2_2,sensor,Dads iPhone SIM 2,unavailable,,
sensor.dads_iphone_sim_1_2,sensor,Dads iPhone SIM 1,unavailable,,
sensor.dads_iphone_geocoded_location_2,sensor,Dads iPhone Geocoded Location,unavailable,,
binary_sensor.dads_iphone_focus_2,binary_sensor,Dads iPhone Focus,unavailable,,
sensor.dads_iphone_location_permission_2,sensor,Dads iPhone Location permission,unavailable,,
sensor.dads_iphone_audio_output_2,sensor,Dads iPhone Audio Output,unavailable,,
sensor.dads_iphone_last_update_trigger_2,sensor,Dads iPhone Last Update Trigger,unavailable,,
sensor.dads_iphone_app_version_2,sensor,Dads iPhone App Version,unavailable,,
script.huskers_exterior_alternating_start,script,Huskers: Exterior Alternating â€“ Start (Loop),unavailable,,
script.huskers_exterior_alternating_inverted_start,script,Huskers: Exterior Alternating (Inverted) â€“ Start (2-step fade),unavailable,,
script.huskers_exterior_alternating_toggle,script,Huskers: Exterior Alternating â€“ Toggle,unavailable,,
script.util_fade_color,script,Util: Fade to Color (2-step),unavailable,,
sensor.diegos_ipad_activity_2,sensor,Diegoâ€™s iPad  Activity,unavailable,,
sensor.diegos_ipad_battery_level_2,sensor,Diegoâ€™s iPad  Battery Level,unavailable,battery,%
sensor.diegos_ipad_battery_state_2,sensor,Diegoâ€™s iPad  Battery State,unavailable,,
sensor.diegos_ipad_storage_2,sensor,Diegoâ€™s iPad  Storage,unavailable,,
sensor.diegos_ipad_connection_type_2,sensor,Diegoâ€™s iPad  Connection Type,unavailable,,
sensor.diegos_ipad_ssid_2,sensor,Diegoâ€™s iPad  SSID,unavailable,,
sensor.diegos_ipad_sim_1_2,sensor,Diegoâ€™s iPad  SIM 1,unavailable,,
sensor.diegos_ipad_bssid_2,sensor,Diegoâ€™s iPad  BSSID,unavailable,,
sensor.diegos_ipad_geocoded_location_2,sensor,Diegoâ€™s iPad  Geocoded Location,unavailable,,
binary_sensor.diegos_ipad_focus_2,binary_sensor,Diegoâ€™s iPad  Focus,unavailable,,
sensor.diegos_ipad_last_update_trigger_2,sensor,Diegoâ€™s iPad  Last Update Trigger,unavailable,,
sensor.diegos_ipad_app_version_2,sensor,Diegoâ€™s iPad  App Version,unavailable,,
sensor.diegos_ipad_location_permission_2,sensor,Diegoâ€™s iPad  Location permission,unavailable,,
sensor.diegos_ipad_audio_output_2,sensor,Diegoâ€™s iPad  Audio Output,unavailable,,
script.huskers_theater_scarlet_fade,script,Huskers: Theater Scarlet Fade,unavailable,,
script.huskers_theater_cream_fade,script,Huskers: Theater Cream Fade,unavailable,,
automation.huskers_exterior_alternating_loop_start,automation,Huskers: Exterior Alternating Loop (Start),unavailable,,
script.huskers_exterior_alternating_stop,script,Huskers: Exterior Alternating â€“ Stop,unavailable,,
automation.huskers_exterior_show_auto_start,automation,Huskers: Exterior Show Auto Start,unavailable,,
automation.huskers_exterior_show_auto_stop,automation,Huskers: Exterior Show Auto Stop,unavailable,,
script.huskers_game_time_everywhere_start,script,Huskers: Game Time â€“ Everywhere (Start),unavailable,,
script.huskers_game_time_everywhere_stop,script,Huskers: Game Time â€“ Everywhere (Stop),unavailable,,
automation.huskers_exterior_light_show_start,automation,Huskers Exterior Light Show - Start,unavailable,,
automation.huskers_debug_script_start,automation,[Huskers Debug] Script start,unavailable,,
automation.huskers_debug_script_stop,automation,[Huskers Debug] Script stop,unavailable,,
automation.huskers_debug_scene_activated,automation,[Huskers Debug] Scene activated,unavailable,,
automation.huskers_debug_theater_color_change,automation,[Huskers Debug] Theater color change,unavailable,,
automation.huskers_debug_exterior_brightness_change,automation,[Huskers Debug] Exterior brightness change,unavailable,,
device_tracker.iot_device_3,device_tracker,iot_device,unavailable,,
device_tracker.b_hyve_xr_70d150_2,device_tracker,B-hyve_XR_70D150,unavailable,,
device_tracker.home_2,device_tracker,Home,unavailable,,
device_tracker.private_7,device_tracker,Private,unavailable,,
device_tracker.google_2,device_tracker,Google,unavailable,,
device_tracker.purifier_garage_2,device_tracker,purifier - garage,unavailable,,
device_tracker.office_2,device_tracker,Office,unavailable,,
device_tracker.garage_keypad_2,device_tracker,garage_keypad,unavailable,,
device_tracker.ipad_2_2,device_tracker,iPad-2,unavailable,,
device_tracker.light_dining_room_2,device_tracker,light - dining room,unavailable,,
device_tracker.google_home_mini_4,device_tracker,Google-Home-Mini,unavailable,,
device_tracker.speaker_bedroom_2,device_tracker,speaker-bedroom,unavailable,,
device_tracker.purifier_bedroom_2,device_tracker,purifier - bedroom,unavailable,,
device_tracker.nintendo_co_ltd_2,device_tracker,"Nintendo Co.,Ltd",unavailable,,
device_tracker.bedroom_vizio_2,device_tracker,bedroom_vizio,unavailable,,
device_tracker.ipad_3,device_tracker,iPad,unavailable,,
device_tracker.multi_use_wifi_2,device_tracker,multi-use-wifi,unavailable,,
device_tracker.google_home_mini_5,device_tracker,Google-Home-Mini,unavailable,,
device_tracker.homeassistant_2,device_tracker,homeassistant,unavailable,,
device_tracker.private_8,device_tracker,Private,unavailable,,
device_tracker.home_hub_2,device_tracker,home hub,unavailable,,
device_tracker.sony,device_tracker,PS5-0AAF54,unavailable,,
device_tracker.office_laptop_2,device_tracker,office_laptop,unavailable,,
device_tracker.firetv_basement_2,device_tracker,firetv-basement,unavailable,,
device_tracker.camera_birdfeeder_2,device_tracker,camera - birdfeeder,unavailable,,
device_tracker.ari_galaxy_s24_2,device_tracker,Ari-Galaxy-S24,unavailable,,
device_tracker.purifier_guest_room_2,device_tracker,purifier - guest room,unavailable,,
device_tracker.dads_iphone_3,device_tracker,Dads-iPhone,unavailable,,
device_tracker.wdmycloud_2,device_tracker,WDMyCloud,unavailable,,
device_tracker.light_front_led_2,device_tracker,light - front led,unavailable,,
device_tracker.chromecast_2,device_tracker,Chromecast,unavailable,,
device_tracker.work_laptop_2,device_tracker,work laptop,unavailable,,
device_tracker.firetv_bedroom_2,device_tracker,firetv-bedroom,unavailable,,
device_tracker.myq_f3c_2,device_tracker,MyQ-F3C,unavailable,,
device_tracker.epsonb9ca4f_2,device_tracker,EPSONB9CA4F,unavailable,,
device_tracker.firetv_livingroom_2,device_tracker,firetv_livingroom,unavailable,,
device_tracker.google_home_mini_6,device_tracker,Google-Home-Mini,unavailable,,
device_tracker.vacuum_roborock_2,device_tracker,vacuum - roborock,unavailable,,
device_tracker.diego_s_s24_2,device_tracker,Diego-s-S24,unavailable,,
device_tracker.private_9,device_tracker,Private,unavailable,,
device_tracker.diegos_ipad_3,device_tracker,Diegos-iPad,unavailable,,
device_tracker.light_sunroom_2,device_tracker,light-sunroom,unavailable,,
device_tracker.android_a1bda00cf175a012_2,device_tracker,android-a1bda00cf175a012,unavailable,,
device_tracker.iot_device_4,device_tracker,iot_device,unavailable,,
device_tracker.sainlogic_302d19_2,device_tracker,Sainlogic-302D19,unavailable,,
device_tracker.ring_187f88c2aa2a_2,device_tracker,Ring-187f88C2AA2A,unavailable,,
sensor.tp_link_router_total_guest_wifi_clients_2,sensor,Total guest wifi clients,unavailable,,
sensor.tp_link_router_total_main_wifi_clients_2,sensor,Total main wifi clients,unavailable,,
sensor.tp_link_router_total_wired_clients_2,sensor,Total wired clients,unavailable,,
sensor.tp_link_router_total_iot_clients_2,sensor,Total IoT clients,unavailable,,
sensor.tp_link_router_total_clients_2,sensor,Total clients,unavailable,,
sensor.tp_link_router_cpu_used_2,sensor,CPU used,unavailable,,%
sensor.tp_link_router_memory_used_2,sensor,Memory used,unavailable,,%
sensor.tp_link_router_connection_type_2,sensor,Connection Type,unavailable,,
switch.guest_wifi_2_4g_2,switch,Guest WIFI 2.4G,unavailable,,
switch.guest_wifi_5g_2,switch,Guest WIFI 5G,unavailable,,
switch.guest_wifi_6g_2,switch,Guest WIFI 6G,unavailable,,
switch.wifi_2_4g_2,switch,WIFI 2.4G,unavailable,,
switch.wifi_5g_2,switch,WIFI 5G,unavailable,,
switch.wifi_6g_2,switch,WIFI 6G,unavailable,,
switch.iot_wifi_2_4g_2,switch,IoT WIFI 2.4G,unavailable,,
switch.iot_wifi_5g_2,switch,IoT WIFI 5G,unavailable,,
switch.iot_wifi_6g_2,switch,IoT WIFI 6G,unavailable,,
switch.router_data_fetching_2,switch,Router data fetching,unavailable,,
button.reboot_2,button,Reboot,unavailable,restart,
device_tracker.iot_device_5,device_tracker,iot_device,unavailable,,
device_tracker.b_hyve_xr_70d150_3,device_tracker,B-hyve_XR_70D150,unavailable,,
device_tracker.home_3,device_tracker,Home,unavailable,,
device_tracker.private_10,device_tracker,Private,unavailable,,
device_tracker.google_3,device_tracker,Google,unavailable,,
device_tracker.purifier_garage_3,device_tracker,purifier - garage,unavailable,,
device_tracker.office_3,device_tracker,Office,unavailable,,
device_tracker.garage_keypad_3,device_tracker,garage_keypad,unavailable,,
device_tracker.ipad_2_3,device_tracker,iPad-2,unavailable,,
device_tracker.light_dining_room_3,device_tracker,light - dining room,unavailable,,
device_tracker.google_home_mini_7,device_tracker,Google-Home-Mini,unavailable,,
device_tracker.speaker_bedroom_3,device_tracker,speaker-bedroom,unavailable,,
device_tracker.purifier_bedroom_3,device_tracker,purifier - bedroom,unavailable,,
device_tracker.nintendo_co_ltd_3,device_tracker,"Nintendo Co.,Ltd",unavailable,,
device_tracker.bedroom_vizio_3,device_tracker,bedroom_vizio,unavailable,,
device_tracker.ipad_4,device_tracker,iPad,unavailable,,
device_tracker.multi_use_wifi_3,device_tracker,multi-use-wifi,unavailable,,
device_tracker.google_home_mini_8,device_tracker,Google-Home-Mini,unavailable,,
device_tracker.homeassistant_3,device_tracker,homeassistant,unavailable,,
device_tracker.private_11,device_tracker,Private,unavailable,,
device_tracker.home_hub_3,device_tracker,home hub,unavailable,,
device_tracker.sony_2,device_tracker,PS5-0AAF54,unavailable,,
device_tracker.office_laptop_3,device_tracker,office_laptop,unavailable,,
device_tracker.firetv_basement_3,device_tracker,firetv-basement,unavailable,,
device_tracker.camera_birdfeeder_3,device_tracker,camera - birdfeeder,unavailable,,
device_tracker.ari_galaxy_s24_3,device_tracker,Ari-Galaxy-S24,unavailable,,
device_tracker.purifier_guest_room_3,device_tracker,purifier - guest room,unavailable,,
device_tracker.dads_iphone_4,device_tracker,Dads-iPhone,unavailable,,
device_tracker.wdmycloud_3,device_tracker,WDMyCloud,unavailable,,
device_tracker.light_front_led_3,device_tracker,light - front led,unavailable,,
device_tracker.chromecast_3,device_tracker,Chromecast,unavailable,,
device_tracker.work_laptop_3,device_tracker,work laptop,unavailable,,
device_tracker.firetv_bedroom_3,device_tracker,firetv-bedroom,unavailable,,
device_tracker.myq_f3c_3,device_tracker,MyQ-F3C,unavailable,,
device_tracker.epsonb9ca4f_3,device_tracker,EPSONB9CA4F,unavailable,,
device_tracker.firetv_livingroom_3,device_tracker,firetv_livingroom,unavailable,,
device_tracker.google_home_mini_9,device_tracker,Google-Home-Mini,unavailable,,
device_tracker.vacuum_roborock_3,device_tracker,vacuum - roborock,unavailable,,
device_tracker.diego_s_s24_3,device_tracker,Diego-s-S24,unavailable,,
device_tracker.private_12,device_tracker,Private,unavailable,,
device_tracker.diegos_ipad_4,device_tracker,Diegos-iPad,unavailable,,
device_tracker.light_sunroom_3,device_tracker,light-sunroom,unavailable,,
device_tracker.android_a1bda00cf175a012_3,device_tracker,android-a1bda00cf175a012,unavailable,,
device_tracker.iot_device_6,device_tracker,iot_device,unavailable,,
device_tracker.sainlogic_302d19_3,device_tracker,Sainlogic-302D19,unavailable,,
device_tracker.ring_187f88c2aa2a_3,device_tracker,Ring-187f88C2AA2A,unavailable,,
sensor.tp_link_router_total_guest_wifi_clients_3,sensor,Total guest wifi clients,unavailable,,
sensor.tp_link_router_total_main_wifi_clients_3,sensor,Total main wifi clients,unavailable,,
sensor.tp_link_router_total_wired_clients_3,sensor,Total wired clients,unavailable,,
sensor.tp_link_router_total_iot_clients_3,sensor,Total IoT clients,unavailable,,
sensor.tp_link_router_total_clients_3,sensor,Total clients,unavailable,,
sensor.tp_link_router_cpu_used_3,sensor,CPU used,unavailable,,%
sensor.tp_link_router_memory_used_3,sensor,Memory used,unavailable,,%
sensor.tp_link_router_connection_type_3,sensor,Connection Type,unavailable,,
switch.guest_wifi_2_4g_3,switch,Guest WIFI 2.4G,unavailable,,
switch.guest_wifi_5g_3,switch,Guest WIFI 5G,unavailable,,
switch.guest_wifi_6g_3,switch,Guest WIFI 6G,unavailable,,
switch.wifi_2_4g_3,switch,WIFI 2.4G,unavailable,,
switch.wifi_5g_3,switch,WIFI 5G,unavailable,,
switch.wifi_6g_3,switch,WIFI 6G,unavailable,,
switch.iot_wifi_2_4g_3,switch,IoT WIFI 2.4G,unavailable,,
switch.iot_wifi_5g_3,switch,IoT WIFI 5G,unavailable,,
switch.iot_wifi_6g_3,switch,IoT WIFI 6G,unavailable,,
switch.router_data_fetching_3,switch,Router data fetching,unavailable,,
button.reboot_3,button,Reboot,unavailable,restart,
device_tracker.espressif_2,device_tracker,Espressif,unavailable,,
device_tracker.viziocastdisplay_2,device_tracker,viziocastdisplay,unavailable,,
device_tracker.viziocastdisplay_3,device_tracker,viziocastdisplay,unavailable,,
device_tracker.espressif_3,device_tracker,Espressif,unavailable,,
device_tracker.taras_iphone_14_2,device_tracker,Taras-iPhone-14,unavailable,,
device_tracker.phone_3,device_tracker,Android,unavailable,,
device_tracker.diego_compy_2,device_tracker,Diego_Compy,unavailable,,
device_tracker.phone_4,device_tracker,phone,unavailable,,
device_tracker.diego_compy_3,device_tracker,Diego_Compy,unavailable,,
device_tracker.taras_iphone_14_3,device_tracker,Taras-iPhone-14,unavailable,,
device_tracker.phone_5,device_tracker,Android,unavailable,,
sensor.exterior_lights_status,sensor,Exterior lights Status,Unknown,,
button.exterior_lights_request_platform_api_state,button,Exterior lights Request Platform API State,unknown,,
switch.exterior_lights_power_switch,switch,Exterior lights Power Switch,unknown,,
sensor.scenic_dreamview1_status,sensor,Scenic DreamView1 Status,Unknown,,
button.scenic_dreamview1_request_platform_api_state,button,Scenic DreamView1 Request Platform API State,unknown,,
switch.scenic_dreamview1_power_switch,switch,Scenic DreamView1 Power Switch,unknown,,
sensor.scenic_dreamview_status,sensor,Scenic DreamView Status,Unknown,,
button.scenic_dreamview_request_platform_api_state,button,Scenic DreamView Request Platform API State,unknown,,
switch.scenic_dreamview_power_switch,switch,Scenic DreamView Power Switch,unknown,,
sensor.h5100_92ee_status,sensor,Shelf 2 Status,Available,,
button.h5100_92ee_request_platform_api_state,button,Shelf 2 Request Platform API State,unknown,,
sensor.shelf_2_temperature,sensor,Shelf 2 Temperature,67.64,temperature,Â°F
sensor.shelf_2_humidity,sensor,Shelf 2 Humidity,76.00,humidity,%
sensor.h5100_0ccb_status,sensor,Shelf 3 Status,Available,,
button.h5100_0ccb_request_platform_api_state,button,Shelf 3 Request Platform API State,unknown,,
sensor.shelf_3_temperature,sensor,Shelf 3 Temperature,76.10,temperature,Â°F
sensor.shelf_3_humidity,sensor,Shelf 3 Humidity,63.00,humidity,%
sensor.scenic_dreamview2_status,sensor,Scenic DreamView2 Status,Unknown,,
button.scenic_dreamview2_request_platform_api_state,button,Scenic DreamView2 Request Platform API State,unknown,,
switch.scenic_dreamview2_power_switch,switch,Scenic DreamView2 Power Switch,unknown,,
sensor.tv_lights_status,sensor,TV Lights Status,Unknown,,
button.tv_lights_request_platform_api_state,button,TV Lights Request Platform API State,unknown,,
switch.tv_lights_power_switch,switch,TV Lights Power Switch,unknown,,
light.garage_left,light,Garage-left,on,,
select.garage_left_power_on_behavior,select,Garage-left Power-on behavior,unknown,,
update.garage_left,update,Garage-left,off,firmware,
light.garage_center,light,Garage-center,on,,
select.garage_center_power_on_behavior,select,Garage-center Power-on behavior,unknown,,
update.garage_center,update,Garage-center,off,firmware,
light.garage_right,light,Garage-right,on,,
select.garage_right_power_on_behavior,select,Garage-right Power-on behavior,unknown,,
update.garage_right,update,Garage-right,off,firmware,
update.team_tracker_card_update,update,Team Tracker Card update,off,,
